<?xml version="1.0" encoding="UTF-8" ?>
<xml>
  <insertAfter xpath="entitygroups/entitygroup[@name='FriendlyAnimalsSnow']/entity[@name='animalDoe']">
    <entity name="animalBear" prob="0.1"/>
  </insertAfter>
  
  <insertAfter xpath="entitygroups/entitygroup[@name='FriendlyAnimalsForest']/entity[@name='animalDoe']">
    <entity name="animalBear" prob="0.1"/>
  </insertAfter>
  
  <insertAfter xpath="entitygroups/entitygroup[@name='FriendlyAnimalsBurntForest']/entity[@name='animalDoe']">
    <entity name="animalBear" prob="0.1"/>
  </insertAfter>
</xml>