<?xml version="1.0" encoding="UTF-8" ?>
<xml>
  <set xpath="vehicles/vehicle[@name='vehicleMinibike']/property[@name='motorTorqueMaxQ']/@value">1250</set>
  <!-- <set xpath="vehicles/vehicle[@name='vehicleMinibike']/property[@name='velocityMax']/@value">8,11</set> -->
  
  <set xpath="vehicles/vehicle[@name='vehicleMinibike']/property[@class='seat0']/property[@name='position']/@value">0,0,0.12</set>
  <set xpath="vehicles/vehicle[@name='vehicleMinibike']/property[@class='seat0']/property[@name='exit']/@value">-.8,0,0.10 ~ .8,0,0.10 ~ 0,0,0 ~ 0,0,1.7 ~ 0,1.3,0</set>
  
  <insertAfter xpath="vehicles/vehicle[@name='vehicleMinibike']/property[@class='seat0']">
    <property class="seat1">
			<property name="position" value="0, 0, -.35"/>
			<property name="rotation" value="0, 0, 0"/>
			<property name="exit" value="-.8,0,-.20 ~ .8,0,-.20 ~ 0,0,-1.7 ~ 0,0,0 ~ 0,1.3,0"/>
		</property>
  </insertAfter>
  
  <set xpath="vehicles/vehicle[@name='vehicleMinibike']/property[@class='engine']/property[@name='gear1']/@value">800,3500, -1800,1000,0, 2500,9999,9999,Vehicles/Minibike/minibike_accel_OFF, ,0, .5,  .45, .1,  -9, .1, .1, Vehicles/Minibike/minibike_idle_lp_, -.1, .1,  .65, .7,  0, 9, .1, Vehicles/Minibike/minibike_run_lp_</set>
</xml>