<?xml version="1.0" encoding="UTF-8" ?>
<xml>
  <set xpath="windows/window[@name='HUDLeftStatBars']/rect[@name='hud']/@pos">9,208</set>
  <set xpath="windows/window[@name='HUDLeftStatBars']/rect[@name='hud']/@rows">3</set>
  
  <insertAfter xpath="windows/window[@name='HUDLeftStatBars']/rect[@name='hud']/rect[@stat_type='Health']">
    <rect width="171" height="46" pos="0,-150" controller="HUDStatBar" stat_type="Water" visible="{statvisible}">
      <sprite depth="1" name="border" color="0,0,0,128" type="sliced"/>

      <sprite depth="2" name="background" color="0,0,0,140" type="sliced" />
      <filledsprite depth="3" name="background" color="110,110,110,128" width="169" type="filled" fill="{statmodifiedmax}" />

      <filledsprite depth="5" name="BarContent" color="128,128,255,128" width="169" type="filled" fill="0" />
      <sprite depth="6" name="Icon" atlas="{staticonatlas|once}" sprite="{staticon|once}" size="35,35" pos="8,-6" foregroundlayer="true"/>
      <label depth="7" name="TextContent" pos="6,-8" font_size="32" color="[white]" justify="center" pivot="topleft" text="{statcurrentwithmax}" height="35"/>

      <sprite depth="8" name="border" color="0,0,0,255" type="sliced" fillcenter="false"/>
      <filledsprite depth="8" name="background" color="0,0,0,255" width="171" fillcenter="false" type="filled" fill="{statmodifiedmax}" />
      <filledsprite depth="3" name="background" color="0,0,0,255" width="170" fillcenter="false" type="filled" fill="{statmodifiedmax}" />
    </rect>
  </insertAfter>
</xml>