<?xml version="1.0" encoding="UTF-8" ?>
<xml>
  <set xpath="vehicles/vehicle[@name='vehicleMinibike']/property[@class='seat0']/property[@name='position']/@value">0,0,0.12</set>
  <set xpath="vehicles/vehicle[@name='vehicleMinibike']/property[@class='seat0']/property[@name='exit']/@value">-.8,0,0.10 ~ .8,0,0.10 ~ 0,0,0 ~ 0,0,1.7 ~ 0,1.3,0</set>
  
  <insertAfter xpath="vehicles/vehicle[@name='vehicleMinibike']/property[@class='seat0']">
    <property class="seat1">
			<property name="position" value="0, 0, -.35"/>
			<property name="rotation" value="0, 0, 0"/>
			<property name="exit" value="-.8,0,-.20 ~ .8,0,-.20 ~ 0,0,-1.7 ~ 0,0,0 ~ 0,1.3,0"/>
		</property>
  </insertAfter>
</xml>