<?xml version="1.0" encoding="UTF-8" ?>
<xml>
  <set xpath="/spawning/biome[@name='pine_forest']/spawn[@entitygroup='FriendlyAnimalsForest']/@maxcount">10</set>
  <set xpath="/spawning/biome[@name='pine_forest']/spawn[@entitygroup='FriendlyAnimalsForest']/@respawndelay">2</set>
  
  <set xpath="/spawning/biome[@name='desert']/spawn[@entitygroup='FriendlyAnimalsDesert']/@maxcount">10</set>
  <set xpath="/spawning/biome[@name='desert']/spawn[@entitygroup='FriendlyAnimalsDesert']/@respawndelay">2</set>
  
  <set xpath="/spawning/biome[@name='burnt_forest']/spawn[@entitygroup='FriendlyAnimalsBurntForest']/@maxcount">10</set>
  <set xpath="/spawning/biome[@name='burnt_forest']/spawn[@entitygroup='FriendlyAnimalsBurntForest']/@respawndelay">2</set>
  
  <set xpath="/spawning/biome[@name='snow']/spawn[@entitygroup='FriendlyAnimalsSnow']/@maxcount">10</set>
  <set xpath="/spawning/biome[@name='snow']/spawn[@entitygroup='FriendlyAnimalsSnow']/@respawndelay">2</set>
</xml>